<?xml version="1.0" encoding="UTF-8"?>
<project-private xmlns="http://www.netbeans.org/ns/project-private/1">
    <editor-bookmarks xmlns="http://www.netbeans.org/ns/editor-bookmarks/2" lastBookmarkId="0"/>
    <open-files xmlns="http://www.netbeans.org/ns/projectui-open-files/2">
        <group>
            <file>file:/C:/Users/macac/Desktop/Policlinico_Integrador/Policlinico/src/Interfaces/Administrador/PacienteUI.java</file>
            <file>file:/C:/Users/macac/Desktop/Policlinico_Integrador/Policlinico/src/Interfaces/Administrador/PrincipalUI.java</file>
            <file>file:/C:/Users/macac/Desktop/Policlinico_Integrador/Policlinico/src/Interfaces/Medico/DiagnosticoUI.java</file>
            <file>file:/C:/Users/macac/Desktop/Policlinico_Integrador/Policlinico/src/Databases/Conexion.java</file>
            <file>file:/C:/Users/macac/Desktop/Policlinico_Integrador/Policlinico/src/Logica/Citas_Controller.java</file>
            <file>file:/C:/Users/macac/Desktop/Policlinico_Integrador/Policlinico/src/Interfaces/Medico/EspecialidadesDialog.java</file>
            <file>file:/C:/Users/macac/Desktop/Policlinico_Integrador/Policlinico/src/Interfaces/Administrador/CitaUI.java</file>
            <file>file:/C:/Users/macac/Desktop/Policlinico_Integrador/Policlinico/src/Interfaces/Medico/Citas_DiariasUI.java</file>
        </group>
    </open-files>
</project-private>
